Validator,PT_VERSION,2.11.0
Validator,HIP_VERSION,714
Validator,HIPBLASLT_VERSION,100401-cd957402
Validator,GCN_ARCH_NAME,gfx1100
Validator,ROCBLAS_VERSION,5.5.0.cd957402
GemmStridedBatchedTunableOp_BFloat16_NN,nn_64_512_512_B_64_ld_4096_512_64,Gemm_Rocblas_-1140856479,0.090592
GemmStridedBatchedTunableOp_BFloat16_TN,tn_512_512_64_B_64_ld_4096_4096_512,Gemm_Rocblas_-1140855036,0.182252
GemmTunableOp_BFloat16_TN,tn_10240_512_4096_ld_4096_4096_10240,Gemm_Hipblaslt_461,0.423859
GemmTunableOp_BFloat16_TN,tn_2560_256_5120_ld_5120_5120_2560,Gemm_Hipblaslt_470,0.0852901
GemmTunableOp_BFloat16_TN,tn_2560_512_5120_ld_5120_5120_2560,Gemm_Hipblaslt_578,0.143608
GemmTunableOp_BFloat16_TN,tn_2560_8100_5120_ld_5120_5120_2560,Gemm_Hipblaslt_577,1.95543
GemmTunableOp_BFloat16_TN,tn_4096_512_10240_ld_10240_10240_4096,Gemm_Hipblaslt_580,0.489
GemmTunableOp_BFloat16_TN,tn_4096_512_4096_ld_4096_4096_4096,Gemm_Hipblaslt_580,0.180307
GemmTunableOp_BFloat16_TN,tn_5120_1024_64_ld_64_64_5120,Gemm_Rocblas_-1140854981,0.0226573
GemmTunableOp_BFloat16_TN,tn_5120_256_2560_ld_2560_2560_5120,Gemm_Hipblaslt_535,0.085389
GemmTunableOp_BFloat16_TN,tn_5120_256_6912_ld_6912_6912_5120,Default,0.208758
GemmTunableOp_BFloat16_TN,tn_5120_32400_64_ld_64_64_5120,Gemm_Rocblas_-1140854953,0.606763
GemmTunableOp_BFloat16_TN,tn_5120_512_4096_ld_4096_4096_5120,Gemm_Hipblaslt_489,0.23273
GemmTunableOp_BFloat16_TN,tn_5120_512_5120_ld_5120_5120_5120,Gemm_Hipblaslt_471,0.285122
GemmTunableOp_BFloat16_TN,tn_5120_8100_2560_ld_2560_2560_5120,Gemm_Hipblaslt_580,2.0031
GemmTunableOp_BFloat16_TN,tn_5120_8100_6912_ld_6912_6912_5120,Gemm_Hipblaslt_577,5.25421
GemmTunableOp_BFloat16_TN,tn_64_256_5120_ld_5120_5120_64,Gemm_Hipblaslt_537,0.0234389
GemmTunableOp_BFloat16_TN,tn_64_8100_5120_ld_5120_5120_64,Gemm_Hipblaslt_526,0.0784695
GemmTunableOp_BFloat16_TN,tn_6912_256_5120_ld_5120_5120_6912,Gemm_Hipblaslt_576,0.19357
GemmTunableOp_BFloat16_TN,tn_6912_8100_5120_ld_5120_5120_6912,Gemm_Hipblaslt_577,5.14468
GemmTunableOp_BFloat16_TN,tn_7680_256_5120_ld_5120_5120_7680,Gemm_Hipblaslt_459,0.215297
GemmTunableOp_BFloat16_TN,tn_7680_8100_5120_ld_5120_5120_7680,Gemm_Hipblaslt_577,7.23719
GemmTunableOp_float_NN,nn_384_1024_1024_ld_384_1024_384,Gemm_Rocblas_-1140856265,0.0497123
GemmTunableOp_float_NN,nn_384_256_256_ld_384_256_384,Gemm_Rocblas_-1140856233,0.0153861
GemmTunableOp_float_NN,nn_384_288_288_ld_384_288_384,Gemm_Rocblas_-1140856263,0.0167781
GemmTunableOp_float_NN,nn_384_512_512_ld_384_512_384,Gemm_Rocblas_-1140856302,0.0238885
GemmTunableOp_float_NN,nn_384_576_576_ld_384_576_384,Gemm_Rocblas_-1140856340,0.0324466
GemmTunableOp_float_TN,tn_1024_1024_384_ld_384_384_1024,Gemm_Rocblas_-1140854370,0.0465163
GemmTunableOp_float_TN,tn_256_256_384_ld_384_384_256,Gemm_Rocblas_-1140854559,0.0200438
GemmTunableOp_float_TN,tn_288_288_384_ld_384_384_288,Gemm_Rocblas_-1140854395,0.0202157
GemmTunableOp_float_TN,tn_512_512_384_ld_384_384_512,Gemm_Rocblas_-1140854337,0.0263733
GemmTunableOp_float_TN,tn_576_576_384_ld_384_384_576,Gemm_Rocblas_-1140854561,0.0279118
